Accel_X1,Accel_Y1,Accel_Z1,Accel_world_x,Accel_world_y,Accel_world_z,Alt,Cam1V,Cam2V,Filtered_Alt,Gyro_X,Gyro_Y,Gyro_Z,Pressure,Quaternion_W,Quaternion_X,Quaternion_Y,Quaternion_Z,Temp,Time,drogue_p_ematch_voltage,drogue_s_ematch_voltage,flight_state,mag_p,mag_r,mag_y,main_p_ematch_voltage,main_s_ematch_voltage,pitch,roll,velocity_x,velocity_y,velocity_z,yaw
1.24,0.78,-10.03,-0.2,-0.03,0.33,-0.23,1,1,-0.23,-0.0,-0.0,-0.0,1012.37,,,,,29.3,5883,8,6,0,0.0,-0.0,0.0,23,4,,,,,,
,,,,,,,,,,,,,,0.75,-0.66,-0.03,-0.03,,6132,,,,,,,,,-83.07,0.02,-0.01,-0.0,5.07,-4.37
1.24,0.79,-10.05,-0.0,0.01,0.34,-0.08,1,1,-0.11,-0.0,-0.0,-0.0,1012.36,,,,,29.31,6383,4,0,0,0.0,-0.0,0.0,8,0,,,,,,
,,,,,,,,,,,,,,0.75,-0.66,-0.03,-0.03,,6633,,,,,,,,,-83.07,0.02,-0.01,-0.0,1.66,-4.44
1.22,0.78,-10.04,0.0,-0.0,0.34,-0.18,1,1,-0.25,-0.0,-0.0,-0.0,1012.37,,,,,29.32,6882,2,1,0,0.0,-0.0,0.0,4,2,,,,,,
,,,,,,,,,,,,,,0.75,-0.66,-0.03,-0.03,,7132,,,,,,,,,-83.07,0.03,-0.01,-0.0,8.79,-4.38
1.23,0.79,-10.04,0.0,0.0,0.34,-0.06,1,1,-0.06,-0.0,-0.0,-0.0,1012.35,,,,,29.32,7383,0,2,0,0.0,-0.0,0.0,8,0,,,,,,
,,,,,,,,,,,,,,0.75,-0.66,-0.03,-0.03,,7633,,,,,,,,,-83.08,0.03,-0.01,-0.0,-0.91,-4.42
1.23,0.78,-10.05,0.0,-0.0,0.34,-0.12,1,1,-0.21,-0.0,-0.0,0.0,1012.36,,,,,29.31,7883,4,0,0,0.0,-0.0,0.0,2,0,,,,,,
,,,,,,,,,,,,,,0.75,-0.66,-0.03,-0.03,,8132,,,,,,,,,-83.02,0.03,-0.01,-0.0,3.25,-4.39
1.22,0.78,-10.05,0.0,-0.01,0.34,-0.15,1,1,-0.12,-0.0,-0.0,-0.0,1012.37,,,,,29.3,8383,0,1,0,0.0,-0.0,0.0,6,6,,,,,,
,,,,,,,,,,,,,,0.75,-0.66,-0.03,-0.03,,8633,,,,,,,,,-83.06,0.04,-0.01,-0.0,-0.63,-4.46
1.23,0.79,-10.04,0.0,-0.0,0.34,-0.12,1,1,-0.18,0.0,-0.0,-0.0,1012.36,,,,,29.3,8883,9,0,0,0.0,-0.0,0.0,2,1,,,,,,
,,,,,,,,,,,,,,0.75,-0.66,-0.03,-0.03,,9132,,,,,,,,,-83.03,0.04,-0.01,-0.0,8.7,-4.43
1.22,0.78,-10.04,0.0,-0.0,0.33,-0.2,1,1,-0.33,-0.0,-0.0,-0.0,1012.37,,,,,29.3,9383,3,0,0,0.0,-0.0,0.0,1,4,,,,,,
,,,,,,,,,,,,,,0.75,-0.66,-0.03,-0.03,,9633,,,,,,,,,-83.06,0.05,-0.01,-0.0,0.85,-4.44
1.22,0.79,-10.03,0.01,0.01,0.32,-0.18,1,1,-0.21,-0.0,-0.0,-0.0,1012.37,,,,,29.28,9882,2,4,0,0.0,-0.0,0.0,6,1,,,,,,
,,,,,,,,,,,,,,0.75,-0.66,-0.03,-0.03,,10132,,,,,,,,,-83.08,0.06,-0.01,-0.0,-11.05,-4.44
1.21,0.77,-10.06,-0.0,-0.0,0.35,-0.07,1,1,-0.12,-0.0,-0.0,-0.0,1012.36,,,,,29.29,10383,2,0,0,0.0,-0.0,0.0,5,1,,,,,,
,,,,,,,,,,,,,,0.75,-0.66,-0.03,-0.03,,10632,,,,,,,,,-83.04,0.06,-0.01,-0.0,0.69,-4.45
1.23,0.8,-10.02,0.01,0.0,0.32,-0.11,1,1,-0.13,0.0,-0.0,0.0,1012.36,,,,,29.29,10883,4,0,0,0.0,-0.0,0.0,2,0,,,,,,
,,,,,,,,,,,,,,0.75,-0.66,-0.03,-0.03,,11132,,,,,,,,,-83.02,0.06,-0.01,-0.0,1.51,-4.47
1.23,0.79,-10.05,0.0,0.0,0.35,-0.01,1,1,-0.12,-0.0,-0.0,-0.0,1012.35,,,,,29.29,11383,1,0,0,0.0,-0.0,0.0,16,0,,,,,,
,,,,,,,,,,,,,,0.75,-0.66,-0.03,-0.03,,11632,,,,,,,,,-83.1,0.07,-0.01,-0.0,-9.98,-4.41
1.23,0.79,-10.04,-0.01,0.01,0.34,0.22,1,1,0.32,0.0,0.0,-0.0,1012.32,,,,,29.29,11883,6,0,0,0.0,-0.0,0.0,2,0,,,,,,
,,,,,,,,,,,,,,0.75,-0.66,-0.03,-0.03,,12132,,,,,,,,,-83.06,0.07,-0.01,-0.0,8.81,-4.44
1.22,0.78,-10.04,-0.0,-0.0,0.33,0.1,1,1,0.18,-0.0,0.0,-0.0,1012.33,,,,,29.29,12383,3,0,0,0.0,-0.0,0.0,8,0,,,,,,
,,,,,,,,,,,,,,0.75,-0.66,-0.03,-0.03,,12633,,,,,,,,,-83.07,0.07,-0.01,-0.0,10.86,-4.5
1.22,0.79,-10.04,-0.0,0.0,0.33,0.03,1,1,-0.03,-0.0,-0.0,-0.0,1012.34,,,,,29.28,12883,8,0,0,0.0,-0.0,0.0,2,0,,,,,,
,,,,,,,,,,,,,,0.75,-0.66,-0.03,-0.03,,13132,,,,,,,,,-83.06,0.08,-0.01,-0.0,-3.03,-4.44
1.22,0.79,-10.07,-0.0,-0.0,0.36,-0.21,1,1,-0.23,0.0,-0.0,-0.0,1012.37,,,,,29.28,13383,4,0,0,0.0,-0.0,0.0,10,0,,,,,,
,,,,,,,,,,,,,,0.75,-0.66,-0.03,-0.03,,13632,,,,,,,,,-83.04,0.08,-0.01,-0.0,-2.6,-4.45
1.16,0.88,-10.07,-0.0,-0.0,0.36,0.16,1,1,0.15,0.02,0.01,0.0,1012.33,,,,,29.28,13883,0,0,0,0.0,-0.0,0.0,2,4,,,,,,
,,,,,,,,,,,,,,0.75,-0.66,-0.03,-0.03,,14132,,,,,,,,,-83.41,-0.46,0.01,-0.01,-0.29,-5.31
1.3,1.13,-11.54,0.17,-0.17,1.86,-0.05,1,1,-0.09,0.13,0.54,0.16,1012.35,,,,,29.27,14382,4,0,0,0.0,-0.0,0.0,2,0,,,,,,
,,,,,,,,,,,,,,0.88,-0.48,0.04,-0.02,,14633,,,,,,,,,-57.3,-3.54,-0.02,-0.04,-2.81,2.83
9.1,-0.77,-5.36,-0.18,0.42,0.77,0.12,1,1,0.1,0.01,1.19,0.27,1012.33,,,,,29.26,14882,6,2,0,0.0,-0.0,0.0,2,0,,,,,,
,,,,,,,,,,,,,,0.88,-0.47,0.08,-0.02,,15133,,,,,,,,,-56.88,-5.84,-0.03,0.02,1.9,6.75
3.86,-0.39,-11.14,0.34,-0.49,1.97,0.25,1,1,0.21,-0.17,2.03,0.24,1012.32,,,,,29.26,15383,2,0,0,0.0,-0.0,0.0,4,0,,,,,,
,,,,,,,,,,,,,,0.96,-0.26,0.1,-0.07,,15633,,,,,,,,,-31.12,-11.29,-0.09,-0.19,6.4,9.14
6.39,5.06,-4.25,1.63,-0.63,-0.79,0.19,1,1,0.18,0.33,-0.72,-1.37,1012.32,,,,,29.24,15882,2,0,0,0.0,-0.0,0.0,2,0,,,,,,
,,,,,,,,,,,,,,0.97,-0.23,-0.02,0.02,,16132,,,,,,,,,-26.92,2.84,0.16,-0.13,-4.99,-1.34
5.2,-8.03,-4.29,-1.36,-0.09,0.58,0.17,1,1,0.11,0.58,0.53,2.37,1012.33,,,,,29.25,16383,3,0,0,0.0,0.0,-0.0,4,0,,,,,,
,,,,,,,,,,,,,,0.95,-0.17,0.26,-0.04,,16633,,,,,,,,,-23.55,-10.44,-0.18,-0.11,-4.97,28.92
8.65,2.75,-4.63,2.05,0.03,0.17,0.29,1,1,0.31,1.68,-0.08,1.44,1012.31,,,,,29.25,16882,8,4,0,0.0,-0.0,0.0,4,0,,,,,,
,,,,,,,,,,,,,,0.93,-0.22,0.3,-0.04,,17132,,,,,,,,,-30.96,-14.78,0.03,-0.04,-10.42,33.02
4.42,-7.65,-4.13,-0.41,0.69,-0.09,-0.05,1,1,-0.05,-0.1,0.38,1.65,1012.35,,,,,29.26,17382,4,4,0,0.0,0.0,0.0,5,0,,,,,,
,,,,,,,,,,,,,,0.8,-0.18,0.58,-0.06,,17632,,,,,,,,,-52.26,-41.92,-0.01,-0.16,-9.67,63.69
2.37,-9.41,-2.57,0.08,0.02,0.22,0.02,1,1,0.02,-0.2,0.14,-0.13,1012.34,,,,,29.25,17882,2,0,0,0.0,0.0,-0.0,0,0,,,,,,
,,,,,,,,,,,,,,0.87,-0.18,0.46,0.0,,18133,,,,,,,,,-31.06,-15.49,-0.1,-0.05,4.4,53.87
7.74,-0.12,-3.95,1.97,0.05,-1.35,-0.01,1,1,-0.01,-0.47,-0.0,-2.38,1012.35,,,,,29.24,18383,3,0,0,0.0,-0.0,-0.0,4,0,,,,,,
,,,,,,,,,,,,,,0.96,-0.21,-0.17,0.11,,18633,,,,,,,,,-27.49,16.91,0.14,-0.28,2.27,-16.18
7.43,3.59,-5.69,-0.86,-2.11,-0.05,-0.01,1,1,-0.03,-0.36,-0.37,-0.67,1012.35,,,,,29.24,18882,2,0,0,-0.0,-0.0,-0.0,2,0,,,,,,
,,,,,,,,,,,,,,0.9,-0.19,-0.39,0.06,,19133,,,,,,,,,-31.56,20.78,0.07,-0.41,1.01,-42.58
3.96,6.6,-5.51,0.03,-1.89,-0.54,0.22,1,1,0.24,0.25,-0.04,-0.8,1012.32,,,,,29.24,19382,6,0,0,-0.0,-0.0,-0.0,2,0,,,,,,
,,,,,,,,,,,,,,0.78,-0.16,-0.6,0.09,,19632,,,,,,,,,-56.71,51.25,0.2,-0.4,-5.64,-65.13
0.84,8.4,-3.23,0.29,-0.09,-0.77,0.26,1,1,0.25,0.18,-0.68,0.32,1012.32,,,,,29.24,19883,4,0,0,-0.0,-0.0,-0.0,3,0,,,,,,
,,,,,,,,,,,,,,0.76,-0.17,-0.62,0.08,,20132,,,,,,,,,-64.57,56.67,0.09,-0.4,0.62,-66.99
1.72,8.6,-4.9,-0.42,-0.53,0.21,0.24,1,1,0.24,0.14,0.03,0.17,1012.32,,,,,29.25,20383,5,0,0,-0.0,-0.0,0.0,4,0,,,,,,
,,,,,,,,,,,,,,0.75,-0.21,-0.63,0.07,,20632,,,,,,,,,-71.62,59.67,0.13,-0.35,-8.07,-65.44
1.43,9.0,-3.92,-0.02,-0.09,0.11,-0.08,1,1,-0.06,0.04,0.01,0.02,1012.36,,,,,29.26,20883,8,0,0,-0.0,-0.0,-0.0,8,0,,,,,,
,,,,,,,,,,,,,,0.75,-0.21,-0.63,0.05,,21132,,,,,,,,,-71.21,58.19,0.13,-0.33,-4.68,-66.75
1.29,8.78,-3.75,-0.01,-0.18,-0.17,0.22,1,1,0.23,-0.15,-0.08,0.0,1012.32,,,,,29.26,21383,4,0,0,-0.0,-0.0,-0.0,2,0,,,,,,
,,,,,,,,,,,,,,0.75,-0.2,-0.62,0.04,,21632,,,,,,,,,-68.37,55.12,0.12,-0.32,1.83,-67.26
2.37,7.65,-3.83,0.25,0.06,-0.93,0.09,1,1,0.13,0.74,0.17,1.58,1012.34,,,,,29.26,21883,3,3,0,-0.0,-0.0,-0.0,0,2,,,,,,
,,,,,,,,,,,,,,0.9,-0.29,-0.31,0.11,,22133,,,,,,,,,-43.23,26.27,-0.07,-0.34,3.42,-29.89
8.12,1.58,-7.61,1.6,-1.08,1.26,-0.13,1,1,-0.12,-0.25,-0.43,1.56,1012.36,,,,,29.27,22383,8,0,0,0.0,-0.0,0.0,8,0,,,,,,
,,,,,,,,,,,,,,0.91,-0.33,0.23,-0.06,,22633,,,,,,,,,-43.23,-15.95,0.04,-0.32,-5.35,22.56
4.35,-8.53,-2.79,-0.63,1.19,0.08,0.15,1,1,0.13,1.0,0.03,1.37,1012.33,,,,,29.27,22882,5,0,0,0.0,0.0,-0.0,0,0,,,,,,
,,,,,,,,,,,,,,0.78,-0.22,0.58,-0.07,,23132,,,,,,,,,-62.38,-49.64,-0.11,-0.23,-11.14,61.53
1.75,-8.45,-5.37,0.38,-0.32,0.34,-0.13,1,1,-0.12,0.05,-0.11,-0.1,1012.36,,,,,29.26,23383,4,0,0,0.0,0.0,-0.0,4,0,,,,,,
,,,,,,,,,,,,,,0.8,-0.25,0.54,-0.09,,23633,,,,,,,,,-59.22,-46.29,-0.11,-0.26,0.64,55.0
6.1,-5.11,-5.73,0.69,0.07,-0.03,0.0,1,1,0.0,-0.47,-0.77,-1.81,1012.35,,,,,29.26,23882,8,0,0,0.0,0.0,0.0,0,0,,,,,,
,,,,,,,,,,,,,,0.88,-0.46,0.1,-0.02,,24133,,,,,,,,,-55.87,-7.3,-0.04,-0.28,4.89,9.41
,,,,,,,,,,,,,,0.76,-0.63,0.15,-0.04,,24633,,,,,,,,,-80.6,-14.82,-0.06,-0.3,-6.67,10.01
1.81,0.54,-9.18,0.25,0.89,-0.48,0.01,1,1,-0.01,-1.26,-0.22,0.09,1012.35,,,,,29.26,24882,3,0,0,0.0,0.0,0.0,0,0,,,,,,
,,,,,,,,,,,,,,0.73,-0.67,0.06,-0.13,,25133,,,,,,,,,-84.16,-15.44,-0.05,-0.2,6.68,-4.63
0.83,1.14,-10.02,0.01,0.0,0.31,-0.13,1,1,-0.14,0.0,-0.0,-0.0,1012.36,,,,,29.24,25383,2,0,0,0.0,0.0,0.0,0,0,,,,,,
,,,,,,,,,,,,,,0.72,-0.68,0.05,-0.14,,25632,,,,,,,,,-85.23,-15.25,-0.04,-0.2,1.0,-6.49
0.83,1.14,-10.04,0.0,-0.0,0.33,0.04,1,1,0.03,-0.0,0.0,-0.0,1012.34,,,,,29.23,25883,8,0,0,0.0,0.0,0.0,0,0,,,,,,
,,,,,,,,,,,,,,0.72,-0.68,0.05,-0.14,,26132,,,,,,,,,-85.21,-15.25,-0.04,-0.2,-4.28,-6.41
0.83,1.15,-10.04,0.0,-0.0,0.32,-0.0,1,1,0.02,0.0,-0.0,0.0,1012.35,,,,,29.25,26383,4,0,0,0.0,0.0,0.0,3,0,,,,,,
,,,,,,,,,,,,,,0.72,-0.68,0.05,-0.14,,26632,,,,,,,,,-85.26,-15.25,-0.04,-0.19,-2.21,-6.46
0.83,1.14,-10.06,-0.0,0.0,0.34,0.12,1,1,0.13,-0.0,-0.0,-0.0,1012.33,,,,,29.26,26883,4,0,0,0.0,0.0,0.0,2,0,,,,,,
,,,,,,,,,,,,,,0.72,-0.68,0.05,-0.14,,27132,,,,,,,,,-85.24,-15.25,-0.04,-0.19,-10.41,-6.44
0.84,1.14,-10.06,-0.0,-0.0,0.35,0.02,1,1,0.01,-0.0,-0.0,-0.0,1012.34,,,,,29.26,27383,3,0,0,0.0,0.0,0.0,2,0,,,,,,
