Accel_X1,Accel_Y1,Accel_Z1,Accel_world_x,Accel_world_y,Accel_world_z,Alt,Filtered_Alt,Gyro_X,Gyro_Y,Gyro_Z,Pressure,Temp,Time,flight_state,mag_p,mag_r,mag_y
9.9,-0.43,-0.2,-0.06,0.05,0.1,2.09,1.73,0.38,0.4,0.0,942.51,37.87,0.0,0.0,80.07,35.9,-85.15
9.9,-0.43,-0.19,-0.12,0.15,0.1,1.3,1.54,0.11,-0.27,0.01,942.6,37.87,0.499,0.0,80.19,36.18,-85.55
9.94,-0.45,-0.26,0.0,0.0,0.14,1.62,1.6,-0.42,-0.47,-0.0,942.56,37.87,1.0,0.0,80.64,35.95,-85.41
9.89,-0.43,-0.21,0.06,-0.09,0.09,1.79,1.6,-0.18,0.17,-0.01,942.54,37.87,1.499,0.0,80.54,35.48,-86.08
9.92,-0.44,-0.23,0.01,-0.01,0.12,1.46,1.45,0.37,0.44,0.0,942.58,37.89,2.0,0.0,80.53,36.05,-85.62
9.93,-0.41,-0.23,-0.08,0.11,0.14,1.96,1.58,0.19,-0.15,0.01,942.52,37.89,2.499,0.0,79.86,36.08,-85.8
9.88,-0.45,-0.25,-0.05,0.04,0.08,1.77,1.62,-0.36,-0.52,-0.0,942.54,37.9,3.0,0.0,81.08,35.95,-86.61
9.93,-0.43,-0.22,0.05,-0.05,0.14,1.97,1.71,-0.31,-0.01,-0.01,942.52,37.88,3.499,0.0,80.22,35.94,-85.48
9.92,-0.45,-0.24,0.06,-0.06,0.12,1.9,2.01,0.26,0.48,-0.0,942.53,37.88,4.0,0.0,80.92,36.44,-85.73
9.94,-0.44,-0.21,-0.12,0.09,0.14,2.12,1.89,0.39,0.23,0.01,942.5,37.9,4.499,0.0,80.19,35.8,-83.56
9.91,-0.39,-0.22,-0.04,0.13,0.11,1.81,1.75,-0.06,-0.42,0.01,942.54,37.88,5.0,0.0,80.31,35.77,-85.57
9.89,-0.48,-0.26,0.0,-0.07,0.1,1.19,1.25,-0.44,-0.38,-0.01,942.61,37.88,5.5,0.0,80.24,35.42,-86.56
9.88,-0.51,-0.2,-0.14,0.05,0.08,1.86,1.86,0.41,0.28,0.01,942.53,37.87,11.725,0.0,80.49,36.2,-86.53
9.94,-0.35,-0.16,-0.06,0.15,0.14,1.61,1.85,-0.05,-0.39,0.01,942.56,37.9,12.227,0.0,80.19,35.53,-85.9
9.88,-0.51,-0.3,0.02,-0.1,0.09,1.41,1.71,-0.43,-0.35,-0.01,942.58,37.92,12.727,0.0,80.73,35.66,-85.6
9.93,-0.37,-0.18,0.08,-0.08,0.12,2.25,2.03,-0.09,0.3,-0.01,942.49,37.94,13.228,0.0,80.08,35.76,-85.55
9.88,-0.46,-0.18,-0.01,0.0,0.08,1.62,1.83,0.4,0.46,0.0,942.56,37.94,13.727,0.0,80.92,35.84,-85.43
9.95,-0.41,-0.2,-0.06,0.1,0.15,1.33,1.6,0.3,0.03,0.01,942.59,37.94,14.227,0.0,80.22,36.05,-85.86
9.92,-0.44,-0.24,-0.05,0.04,0.12,1.49,1.59,-0.23,-0.48,-0.0,942.58,37.94,14.727,0.0,80.61,35.94,-84.83
9.87,-0.46,-0.24,0.03,-0.14,0.08,1.68,1.61,-0.41,-0.18,-0.01,942.55,37.95,15.227,0.0,79.93,35.39,-85.52
9.94,-0.4,-0.19,0.06,-0.05,0.14,1.55,1.66,0.09,0.42,-0.01,942.57,37.97,15.728,0.0,80.26,35.71,-85.17
9.88,-0.51,-0.24,-0.06,-0.01,0.09,1.69,1.71,0.41,0.37,0.01,942.55,37.97,16.227,0.0,79.9,35.39,-85.42
9.89,-0.39,-0.16,-0.09,0.15,0.09,1.93,1.67,0.12,-0.24,0.01,942.53,37.97,16.727,0.0,80.59,36.11,-83.95
9.94,-0.45,-0.3,0.02,-0.01,0.15,1.15,1.2,-0.36,-0.47,-0.01,942.61,37.97,17.227,0.0,79.93,36.12,-87.17
9.88,-0.41,-0.23,0.07,-0.12,0.08,1.51,1.43,-0.32,0.01,-0.01,942.57,37.96,17.728,0.0,80.05,36.53,-85.66
9.92,-0.41,-0.22,0.07,-0.04,0.12,1.55,1.66,0.23,0.49,-0.0,942.57,37.96,18.227,0.0,80.28,35.91,-86.28
9.93,-0.45,-0.22,-0.05,0.03,0.14,1.75,1.89,0.39,0.24,0.01,942.55,37.96,18.727,0.0,80.57,36.43,-84.89
9.88,-0.43,-0.18,-0.1,0.17,0.08,1.84,1.94,-0.02,-0.37,0.01,942.54,37.98,19.228,0.0,79.73,36.23,-84.97
9.92,-0.48,-0.27,-0.03,-0.04,0.12,1.65,1.66,-0.42,-0.43,-0.01,942.56,37.98,19.728,0.0,80.35,36.41,-84.96
9.93,-0.42,-0.24,0.08,-0.09,0.14,1.98,1.76,-0.23,0.1,-0.01,942.52,38.0,20.228,0.0,80.24,35.95,-85.91
9.89,-0.49,-0.25,0.02,0.02,0.1,2.19,1.84,0.01,0.0,-0.0,942.5,38.02,25.728,1.0,80.54,36.6,-85.38
9.89,-0.42,-0.21,0.0,-0.03,0.09,2.03,2.14,-0.01,0.0,0.0,942.51,38.01,26.227,1.0,80.18,35.98,-84.47
9.91,-0.48,-0.26,0.01,0.02,0.11,1.29,1.6,0.0,0.01,-0.0,942.6,38.01,26.727,1.0,80.46,35.76,-84.5
9.88,-0.38,-0.18,-0.04,-0.02,0.08,1.53,1.41,-0.03,-0.0,0.0,942.57,38.0,27.228,1.0,80.36,36.04,-84.32
9.88,-0.47,-0.25,-0.02,0.01,0.09,1.72,1.37,-0.0,0.01,-0.0,942.55,38.01,27.727,1.0,80.46,35.95,-85.66
9.9,-0.39,-0.24,0.0,0.0,0.1,2.0,1.42,-0.01,0.0,0.0,942.52,38.03,28.228,1.0,80.59,36.23,-84.9
9.89,-0.41,-0.22,-0.02,0.03,0.09,1.71,1.55,0.0,0.0,-0.0,942.55,38.03,28.727,1.0,80.7,36.19,-86.62
9.91,-0.44,-0.25,0.01,0.01,0.11,1.82,1.66,-0.0,0.01,-0.0,942.54,38.02,29.227,1.0,80.6,36.18,-84.57
9.91,-0.38,-0.17,0.0,0.03,0.1,1.83,1.76,0.0,0.01,-0.0,942.54,38.01,29.727,1.0,80.74,36.32,-85.32
9.89,-0.48,-0.27,-0.01,-0.01,0.09,1.76,1.83,-0.02,0.01,0.0,942.54,38.02,30.228,1.0,80.61,36.05,-86.72
9.91,-0.37,-0.19,0.01,0.03,0.11,1.84,1.96,0.01,0.0,-0.0,942.54,38.01,30.727,1.0,80.8,35.94,-85.25
9.92,-0.46,-0.27,0.01,-0.0,0.13,1.64,1.9,-0.02,0.01,0.0,942.56,38.03,31.227,1.0,80.7,36.2,-85.46
9.89,-0.38,-0.17,0.0,0.01,0.09,1.78,1.74,0.0,0.01,-0.0,942.54,38.04,31.727,1.0,80.39,36.27,-85.21
9.88,-0.5,-0.23,-0.03,-0.03,0.09,1.86,1.81,-0.01,0.0,-0.0,942.53,38.04,32.228,1.0,80.36,36.13,-84.94
9.89,-0.41,-0.2,0.0,0.0,0.09,1.94,1.78,0.0,0.0,-0.0,942.52,38.05,32.727,1.0,80.7,36.53,-85.34
9.9,-0.46,-0.18,-0.01,0.0,0.1,2.06,2.22,0.0,0.01,0.0,942.51,38.03,33.227,1.0,80.36,35.85,-85.32
9.89,-0.44,-0.2,-0.0,-0.0,0.09,2.0,2.05,-0.02,0.01,0.0,942.52,38.02,33.727,1.0,80.35,35.95,-85.41
9.89,-0.39,-0.22,0.01,0.03,0.09,1.76,1.94,0.0,0.01,-0.0,942.54,38.02,34.228,1.0,79.59,36.01,-85.67
9.89,-0.45,-0.26,0.0,-0.01,0.1,1.82,1.64,-0.01,0.0,0.0,942.54,38.01,34.727,1.0,80.26,36.58,-84.15
9.91,-0.35,-0.2,0.01,0.02,0.11,1.26,1.69,0.0,-0.01,-0.0,942.6,38.03,35.228,1.0,80.56,35.63,-85.04
9.9,-0.49,-0.34,0.03,-0.07,0.11,2.09,1.92,-0.01,0.0,-0.0,942.51,38.05,35.727,1.0,81.09,36.02,-84.5
9.92,-0.31,-0.19,0.04,-0.02,0.11,1.52,1.68,-0.01,0.01,0.0,942.57,38.04,36.228,1.0,80.5,36.08,-84.55
9.88,-0.54,-0.28,-0.02,-0.0,0.09,1.64,1.56,-0.0,0.01,-0.0,942.56,38.05,36.727,1.0,80.57,35.25,-84.34
9.9,-0.35,-0.17,0.03,-0.02,0.1,1.43,2.06,-0.02,-0.01,0.0,942.58,38.05,37.227,1.0,80.35,36.06,-84.74
9.91,-0.45,-0.23,0.01,0.03,0.11,1.87,1.57,0.01,0.01,-0.0,942.53,38.05,37.727,1.0,80.26,36.33,-85.34
9.91,-0.4,-0.2,0.01,-0.02,0.11,1.51,1.71,-0.02,0.0,0.0,942.57,38.04,38.228,1.0,80.38,35.84,-85.24
9.91,-0.45,-0.24,-0.01,0.02,0.11,1.58,1.45,0.0,0.01,-0.0,942.57,38.05,38.727,1.0,80.25,36.25,-84.86
9.9,-0.45,-0.19,-0.03,-0.0,0.1,1.16,1.7,0.0,0.01,-0.0,942.61,38.07,39.227,1.0,79.9,35.95,-84.51
9.91,-0.39,-0.22,0.01,0.02,0.11,2.05,1.85,0.0,0.01,-0.0,942.51,38.08,39.727,1.0,79.84,36.05,-85.25
9.9,-0.49,-0.26,-0.02,-0.02,0.11,1.7,1.59,-0.0,0.0,0.0,942.55,38.09,40.228,1.0,80.47,35.69,-84.32
9.89,-0.35,-0.23,0.02,0.01,0.09,1.8,1.77,-0.01,0.01,0.0,942.54,38.1,40.727,1.0,80.43,35.55,-84.29
9.91,-0.49,-0.28,-0.02,-0.01,0.11,1.76,1.75,-0.02,-0.0,0.0,942.54,38.1,41.227,1.0,80.25,35.6,-84.47
9.9,-0.36,-0.19,-0.0,-0.0,0.1,1.48,1.62,-0.01,0.0,-0.0,942.58,38.1,41.727,1.0,80.4,35.59,-85.06
9.89,-0.46,-0.23,-0.0,0.0,0.09,1.56,1.85,0.0,0.01,-0.0,942.57,38.1,42.228,1.0,79.97,35.63,-85.7
9.89,-0.4,-0.2,0.01,0.0,0.09,1.58,1.49,-0.01,0.01,0.0,942.56,38.1,42.727,1.0,79.8,36.16,-85.95
9.91,-0.44,-0.22,-0.02,-0.01,0.11,1.86,1.6,-0.0,0.0,-0.0,942.53,38.1,43.227,1.0,80.66,36.11,-85.15
9.89,-0.46,-0.24,0.0,0.01,0.1,2.04,1.82,-0.01,0.01,-0.0,942.51,38.1,43.727,1.0,80.61,35.81,-84.33
9.9,-0.37,-0.17,0.01,0.02,0.1,1.68,1.99,0.0,0.0,-0.0,942.55,38.11,44.228,1.0,79.82,35.49,-84.76
9.91,-0.48,-0.28,-0.0,-0.02,0.11,2.0,2.02,-0.01,0.01,-0.0,942.52,38.11,44.727,1.0,80.4,35.62,-85.64
9.91,-0.41,-0.21,-0.01,0.0,0.11,1.59,2.07,-0.0,0.01,-0.0,942.56,38.12,45.228,1.0,80.33,35.99,-85.14
9.9,-0.45,-0.22,-0.0,0.0,0.1,1.65,1.84,-0.0,0.0,-0.0,942.56,38.13,45.727,1.0,80.63,35.63,-84.12
9.92,-0.42,-0.28,0.01,-0.02,0.12,1.66,1.93,-0.0,0.0,-0.0,942.56,38.13,46.227,1.0,80.63,35.9,-85.8
9.89,-0.4,-0.22,-0.02,0.02,0.09,2.02,1.97,-0.01,0.01,-0.0,942.52,38.13,46.728,1.0,80.33,36.06,-84.74
9.9,-0.47,-0.27,-0.01,-0.03,0.11,1.88,1.89,0.01,0.01,0.0,942.53,38.13,47.227,1.0,80.31,35.9,-85.08
9.9,-0.34,-0.17,0.06,0.08,0.1,1.93,1.95,0.01,0.01,-0.0,942.53,38.11,47.727,1.0,79.98,35.92,-86.0
9.9,-0.47,-0.27,-0.02,-0.04,0.11,2.08,1.91,-0.02,0.0,0.0,942.51,38.11,48.227,1.0,80.38,35.67,-84.81
9.88,-0.43,-0.17,-0.01,0.03,0.08,1.58,1.7,0.01,0.01,-0.0,942.56,38.1,48.727,1.0,80.5,35.5,-86.26
9.9,-0.45,-0.22,0.0,0.0,0.1,1.71,1.69,-0.0,0.02,-0.0,942.55,38.11,49.228,1.0,80.26,35.98,-84.93
9.89,-0.4,-0.22,0.0,0.0,0.09,1.82,2.09,0.0,0.01,-0.0,942.54,38.14,49.727,1.0,80.45,36.05,-85.94
9.91,-0.45,-0.22,-0.01,0.03,0.11,1.98,2.18,0.0,0.0,-0.0,942.52,38.13,50.228,1.0,80.03,35.69,-85.03
34.82,-2.07,-1.02,-0.33,-0.41,25.08,1.7,2.04,0.02,-0.02,-0.0,942.55,38.11,50.728,1.0,80.85,36.57,-86.18
110.83,-0.63,0.95,5.68,5.64,100.74,11.42,10.1,0.12,0.15,0.26,941.45,38.06,51.228,1.0,51.27,24.63,-57.1
110.88,1.71,1.8,30.86,12.65,95.97,45.73,41.49,-0.92,0.02,0.19,937.57,37.87,51.728,2.0,60.72,22.68,-63.05
105.69,-1.26,0.68,21.46,8.0,93.37,96.99,93.66,-2.86,0.12,0.05,931.81,37.78,52.228,2.0,66.89,23.74,-68.24
75.15,0.91,1.55,14.16,0.21,64.02,174.37,170.25,-5.19,0.23,0.12,923.16,37.7,52.729,2.0,87.49,24.57,-52.33
53.8,-0.43,-0.63,12.73,4.32,42.29,266.36,264.93,-6.4,0.15,0.09,912.96,37.73,53.23,2.0,57.85,22.81,-50.34
43.98,0.09,0.72,9.62,1.57,33.08,370.1,368.27,-7.44,0.23,0.03,901.56,37.83,53.731,2.0,86.68,23.7,-53.56
30.27,0.28,3.06,8.89,5.43,18.78,480.33,479.37,-8.43,0.13,0.08,889.58,37.97,54.231,2.0,62.71,22.61,-64.5
17.64,-0.21,2.82,0.69,0.99,8.01,595.71,593.97,-8.75,0.46,0.02,877.18,38.11,54.731,2.0,65.07,22.32,-42.13
-0.72,-0.12,2.51,1.27,-2.1,-10.72,707.74,707.35,-8.84,0.1,0.09,865.27,38.21,55.23,3.0,85.77,23.81,-47.71
-8.9,0.67,1.76,-0.43,0.74,-18.87,824.36,825.08,-8.38,0.32,0.13,853.02,38.18,55.742,3.0,71.21,23.46,-67.01
-7.82,0.58,1.06,-2.41,-1.27,-17.24,1035.36,1036.26,-7.42,0.21,0.03,831.2,37.98,56.753,3.0,80.01,23.67,-42.22
-9.56,0.28,1.9,-5.1,-2.08,-17.86,1199.67,1219.43,-6.74,0.11,0.08,814.53,37.78,57.76,3.0,66.53,23.09,-40.58
-6.15,0.17,0.99,-2.44,0.39,-15.53,1322.55,1320.03,-6.33,0.28,0.04,802.23,37.66,58.278,3.0,79.62,23.91,-65.43
-5.05,-0.27,0.89,-2.67,0.53,-14.17,1494.82,1498.21,-5.66,0.27,0.07,785.25,37.45,59.278,3.0,77.14,23.55,-64.69
-4.53,0.26,0.57,-2.52,-0.9,-13.52,1576.48,1577.43,-5.27,0.11,0.02,777.31,37.39,59.778,3.0,71.5,22.76,-40.79
-3.14,0.33,0.22,-1.51,-0.17,-12.59,1865.06,1864.89,-4.3,0.14,-0.03,749.75,37.08,61.78,3.0,77.93,23.81,-64.35
-2.41,-0.5,0.39,-1.79,0.11,-11.55,2049.66,2050.08,-3.67,0.04,0.0,732.53,36.91,63.28,3.0,75.85,22.9,-63.72
-1.88,0.14,0.11,-1.12,-0.15,-11.33,2208.73,2209.32,-3.23,0.06,-0.12,717.96,36.71,64.781,3.0,67.33,22.34,-62.91
-1.64,-0.27,0.35,-1.01,0.18,-11.16,2256.25,2256.19,-3.15,-0.06,0.08,713.65,36.64,65.281,3.0,82.25,22.86,-55.38
-1.14,0.14,0.12,-0.76,-0.11,-10.67,2382.97,2383.36,-2.71,0.09,-0.0,702.27,36.54,66.783,3.0,69.99,22.39,-63.33
-1.0,-0.1,-0.04,-0.7,-0.24,-10.48,2419.34,2419.83,-2.59,0.01,0.02,699.03,36.57,67.283,3.0,81.23,23.49,-57.83
-0.9,-0.25,0.0,-0.62,0.03,-10.51,2454.21,2454.41,-2.5,-0.0,-0.05,695.93,36.54,67.784,3.0,78.91,22.76,-44.67
-0.81,-0.18,0.11,-0.35,-0.22,-10.54,2485.35,2486.28,-2.44,0.03,-0.03,693.18,36.53,68.283,3.0,66.03,22.78,-44.85
-0.73,-0.25,0.26,-0.38,-0.57,-10.26,2515.0,2515.2,-2.38,0.16,0.07,690.56,36.48,68.784,3.0,61.92,22.44,-57.29
-0.63,0.03,-0.06,-0.36,-0.22,-10.28,2542.06,2542.65,-2.29,0.07,0.11,688.18,36.42,69.285,3.0,75.39,23.51,-64.53
-0.53,-0.29,-0.1,-0.51,-0.31,-9.93,2566.71,2566.73,-2.16,0.02,-0.01,686.02,36.39,69.785,3.0,84.09,23.56,-55.38
-0.47,-0.22,-0.12,-0.5,-0.09,-9.98,2587.64,2588.34,-2.04,-0.14,-0.09,684.19,36.44,70.285,3.0,77.42,23.81,-41.77
-0.43,-0.26,-0.07,-0.34,0.04,-10.18,2607.17,2607.37,-2.01,-0.01,-0.11,682.48,36.36,70.784,3.0,62.89,23.46,-42.01
-0.36,-0.28,0.09,-0.03,-0.22,-10.22,2624.29,2624.61,-2.01,0.08,-0.02,680.99,36.34,71.285,3.0,56.04,24.28,-55.47
-0.3,-0.32,0.22,0.0,-0.48,-9.87,2639.05,2639.26,-1.96,0.15,0.07,679.71,36.3,71.785,3.0,66.57,25.2,-68.72
-0.32,-0.47,0.05,-0.1,-0.53,-9.63,2650.92,2651.35,-2.02,0.12,0.32,678.68,36.3,72.285,3.0,86.73,27.82,-67.85
-0.24,-0.2,0.03,-0.24,-0.17,-9.69,2660.62,2660.94,-1.92,-0.09,0.29,677.84,36.28,72.785,3.0,98.9,31.75,-44.79
-0.17,-0.13,0.01,-0.21,-0.05,-9.79,2668.37,2668.6,-1.79,-0.11,0.06,677.16,36.23,73.292,3.0,83.37,33.68,-22.62
-0.17,-0.07,-0.05,-0.18,-0.07,-9.81,2673.0,2673.35,-1.62,-0.03,-0.12,676.76,36.2,73.792,3.0,57.12,34.78,-23.82
-0.22,-0.03,0.0,-0.14,-0.16,-9.85,2675.61,2676.18,-1.42,0.1,-0.24,676.54,36.18,74.292,3.0,39.94,36.41,-44.53
-0.01,-0.07,-0.01,0.0,-0.02,-9.88,2675.75,2676.14,-1.34,0.31,-0.2,676.52,36.18,74.793,4.0,39.71,41.44,-69.49
-0.46,-0.29,-0.63,-0.32,-0.43,-10.44,2676.75,2667.12,-1.61,-0.19,-0.1,676.44,36.81,75.281,5.0,60.22,44.94,-86.96
2.28,9.84,-0.04,-8.09,-3.59,-4.94,2702.68,2696.68,-1.94,-1.87,-1.47,674.2,36.62,76.812,7.0,67.57,98.29,-57.77
9.06,-0.78,9.45,-7.36,-8.09,-2.57,2675.6,2677.56,-5.22,-4.58,-1.16,676.54,36.35,77.312,7.0,101.01,87.6,-62.56
0.75,6.33,-4.54,1.04,-3.33,-2.8,2678.11,2661.58,-0.1,-2.34,0.83,676.32,36.47,78.312,7.0,35.16,72.31,-56.34
2.54,10.39,-1.77,2.84,-6.91,-1.96,2658.47,2679.09,-2.31,-1.03,1.18,678.02,36.47,78.811,7.0,50.78,45.49,-84.18
-16.39,2.1,-11.0,-0.19,-5.04,9.39,2576.7,2570.22,-10.4,0.46,-2.83,685.15,36.37,80.314,7.0,104.68,79.46,-25.68
-7.33,-0.06,-2.22,-5.1,-3.34,-5.18,2562.44,2561.86,-7.48,1.2,-2.9,686.4,36.35,80.815,7.0,86.03,69.64,-86.51
1.22,3.09,2.79,-1.16,-2.68,-6.61,2561.24,2562.63,-4.7,0.18,1.57,686.5,36.43,81.315,7.0,49.62,39.56,-23.71
1.61,-1.05,3.97,-0.11,-3.23,-6.81,2552.73,2550.18,1.71,1.22,0.68,687.25,36.47,81.815,7.0,46.3,26.67,-52.24
0.7,5.75,-1.53,2.21,-2.19,-4.69,2555.73,2552.51,5.01,-0.41,-1.46,686.98,36.39,82.315,7.0,48.99,30.52,-35.43
-0.27,-4.73,-2.0,2.02,0.3,-5.09,2530.14,2538.87,3.43,0.48,0.02,689.23,36.36,82.815,7.0,106.93,48.27,-39.46
1.52,-7.35,2.49,1.58,-3.28,-2.79,2512.51,2501.57,0.8,-0.25,-1.42,690.78,36.36,83.316,7.0,78.86,32.96,-80.06
31.42,-21.32,-20.91,43.19,-0.88,-13.36,2495.79,2493.75,-4.36,-6.56,9.78,692.26,36.43,83.817,7.0,112.39,57.82,-54.36
-4.64,-8.5,-3.73,9.21,2.54,-5.75,2482.83,2482.18,2.77,3.44,-3.92,693.4,36.22,84.317,7.0,98.06,93.02,-53.46
3.79,-20.81,-1.9,7.02,-0.2,10.23,2463.89,2462.95,-4.52,0.07,1.81,695.08,36.31,84.817,7.0,99.89,50.04,-74.46
-16.6,-5.47,12.29,21.18,0.12,-6.95,2449.29,2456.27,2.23,-0.5,-3.62,696.37,36.38,85.818,7.0,38.6,80.26,-66.58
4.82,-2.97,-1.35,-3.96,-3.13,-6.92,2440.66,2439.27,2.77,2.63,-2.4,697.13,36.3,86.318,7.0,76.3,87.22,-12.87
1.13,-4.25,-0.28,3.6,1.33,-7.64,2419.02,2417.53,0.14,0.19,-0.78,699.06,36.35,86.818,7.0,99.04,40.11,-36.34
2.95,-6.9,-2.33,3.69,2.3,-3.27,2405.16,2405.26,-0.4,-0.48,1.99,700.29,36.4,87.319,7.0,102.05,47.45,-30.11
-9.38,49.35,-8.51,36.15,25.5,15.46,2402.52,2399.36,3.22,1.06,3.33,700.52,36.35,87.819,7.0,40.15,87.56,-43.85
4.48,-17.3,2.67,-6.41,5.54,6.15,2404.59,2402.87,-0.35,-1.65,-4.15,700.34,36.07,88.32,7.0,98.03,87.63,-63.11
-0.91,7.72,2.88,4.23,-2.3,-3.06,2372.88,2369.0,-0.8,-1.09,0.69,703.17,36.26,89.321,7.0,38.45,80.86,-33.19
-0.38,7.56,6.41,3.87,-3.62,-1.43,2357.94,2361.59,-0.22,0.56,-1.94,704.51,36.3,89.822,7.0,36.29,83.34,-46.12
-8.89,-13.52,-5.82,-4.29,7.62,5.0,2332.61,2332.68,0.22,1.12,-2.07,706.77,36.31,90.322,7.0,83.71,89.1,-17.21
-7.93,1.68,5.39,1.7,-3.9,-1.06,2322.11,2319.37,-0.88,-1.99,2.39,707.72,36.31,90.823,7.0,69.41,96.88,-27.71
-7.23,-0.05,4.02,2.7,-1.26,-2.09,2310.63,2310.46,-2.68,2.63,-0.75,708.75,36.01,91.324,7.0,55.08,97.33,-42.34
-5.23,6.37,-7.51,-1.04,5.99,-0.47,2306.39,2304.54,0.93,-0.32,-1.27,709.13,36.09,91.825,7.0,44.94,88.13,-33.76
-12.76,-3.25,7.99,8.36,0.45,3.12,2288.71,2288.86,0.82,0.8,-0.32,710.72,36.09,92.325,7.0,71.21,101.05,-49.99
0.27,-5.79,2.88,0.35,1.05,-3.44,2274.28,2278.41,-0.85,-0.28,-0.84,712.02,36.26,93.325,7.0,101.99,77.78,-68.34
7.66,-1.07,-2.41,-4.85,4.29,-14.67,2242.17,2244.71,-1.85,-2.93,-4.63,714.93,36.2,94.325,7.0,64.79,83.57,-14.88
0.97,-8.17,-0.56,1.91,-1.97,-2.03,2226.71,2228.06,1.83,1.47,0.72,716.33,36.23,94.825,7.0,99.49,71.69,-21.62
0.11,-8.56,2.59,-2.8,-0.81,-1.36,2216.93,2215.66,-0.41,2.08,1.44,717.22,36.28,95.324,7.0,105.46,70.88,-28.12
1.53,-1.24,-4.87,2.09,2.79,-5.89,2214.16,2206.04,-1.37,2.57,-0.13,717.47,36.25,95.825,7.0,86.31,54.82,-10.53
12.34,13.72,13.03,-10.09,10.17,7.66,2168.86,2170.32,-2.65,-0.05,1.29,721.59,36.08,98.327,7.0,27.58,51.23,-46.39
16.0,-1.1,-2.39,9.44,4.13,-22.34,2150.94,2156.72,2.09,4.54,-4.97,723.23,36.16,98.828,7.0,48.6,76.97,-17.73
4.07,-1.15,-2.08,3.96,0.4,-12.33,2129.62,2126.66,3.73,2.47,2.54,725.18,36.03,99.828,7.0,91.25,86.23,-20.64
-10.26,11.91,-5.25,8.4,-0.6,4.46,2100.19,2095.4,-0.61,1.11,1.85,727.88,35.74,100.828,7.0,64.72,98.04,-31.98
-11.4,4.25,7.3,0.89,0.52,4.34,2086.28,2087.82,2.93,-3.07,-1.78,729.16,35.91,101.329,7.0,79.66,97.33,-62.78
-1.12,4.1,0.1,-0.84,0.16,-5.64,2087.69,2082.71,2.32,-0.1,0.81,729.03,35.95,101.83,7.0,39.82,76.45,-73.65
-4.72,1.32,4.93,2.58,0.52,-3.38,2062.21,2059.85,-1.14,-2.13,0.92,731.38,36.05,102.83,7.0,65.05,77.13,-85.78
3.77,-6.8,-4.36,2.82,-3.11,-1.95,1984.52,1991.71,2.06,-3.74,0.72,738.57,35.77,105.831,7.0,110.81,68.22,-52.59
-18.05,-0.61,-7.0,-4.18,-10.73,5.76,1965.22,1966.82,-7.13,-2.08,-2.12,740.37,35.65,106.832,7.0,49.48,87.14,-70.36
-0.1,-0.62,2.34,-0.37,1.83,-8.28,1953.12,1951.11,-3.39,0.58,-2.54,741.5,35.46,107.832,7.0,94.04,72.32,-79.21
6.32,44.95,28.47,-17.01,40.81,20.47,1923.12,1911.75,-0.47,-5.45,6.25,744.3,35.59,109.333,7.0,56.03,73.02,-84.88
5.4,0.57,3.94,6.51,-1.62,-10.16,1904.65,1908.95,1.64,-2.12,-3.45,746.03,34.86,109.833,7.0,40.43,74.87,-73.96
3.11,6.27,2.64,3.02,-0.87,-3.02,1906.2,1903.35,-0.38,-2.34,-1.36,745.88,34.6,110.333,7.0,35.11,68.42,-72.57
16.72,-15.66,-4.42,15.29,16.04,-17.13,1879.65,1882.61,7.71,7.3,-0.89,748.37,34.78,110.832,7.0,102.55,85.89,-29.36
7.12,-2.26,2.37,-2.27,-7.5,-9.6,1873.19,1870.09,1.06,3.5,-2.84,748.98,35.07,111.332,7.0,73.43,94.16,-69.24
0.8,9.45,1.68,-0.56,-3.87,-1.01,1842.12,1844.44,-2.03,1.46,-1.97,751.91,35.19,112.833,7.0,45.75,92.15,-41.42
-10.79,19.54,-16.92,1.75,20.84,8.81,1828.03,1825.52,-7.15,4.51,0.12,753.24,35.22,113.333,7.0,45.88,85.81,-27.12
0.57,-13.73,5.8,0.13,4.86,4.29,1783.97,1784.74,0.9,0.47,0.98,757.41,35.22,114.834,7.0,103.67,51.9,-69.64
6.62,-1.72,-4.31,1.29,-7.96,-10.38,1790.19,1783.77,1.38,3.53,4.13,756.82,35.18,115.335,7.0,91.62,97.37,-35.93
-5.91,-6.33,27.74,2.97,19.81,11.24,1763.27,1762.5,0.14,-3.3,1.57,759.38,35.26,116.335,7.0,87.96,76.1,-82.15
1.33,-0.94,-4.91,1.11,-2.45,-5.4,1749.75,1752.47,-0.28,1.65,-1.49,760.66,35.16,117.336,7.0,90.36,87.51,-18.78
0.63,0.74,-8.22,1.55,0.72,-1.71,1746.26,1746.36,-1.26,-0.89,-0.95,761.0,35.23,117.836,7.0,83.27,67.48,-7.36
-1.45,4.86,1.75,-2.61,-3.51,-6.69,1724.94,1728.51,1.01,-6.16,-0.08,763.03,35.17,118.335,7.0,83.93,97.9,-60.5
0.0,0.08,9.95,-3.18,2.01,-0.6,1720.89,1718.59,0.55,1.45,-1.94,763.42,34.76,118.836,7.0,92.42,64.64,-83.61
-1.15,-11.44,19.54,11.22,-9.8,7.28,1715.57,1709.17,5.87,1.08,-4.21,763.92,34.72,119.336,7.0,60.85,85.74,-78.52
-0.03,-0.42,13.42,-2.66,-2.24,3.16,1701.24,1702.29,0.07,-0.78,-2.55,765.29,34.57,119.836,7.0,86.14,88.62,-72.23
-4.4,-5.0,-11.63,11.89,-2.13,-3.99,1680.1,1682.45,1.25,2.59,-1.2,767.32,34.52,120.336,7.0,107.17,84.74,-46.58
0.74,-2.7,3.01,-2.22,2.81,-7.8,1674.58,1670.78,-0.89,-1.28,-1.48,767.85,34.74,120.836,7.0,111.64,68.04,-49.36
-0.53,-8.18,1.63,-2.6,1.67,-2.05,1653.22,1654.04,0.39,1.27,-0.05,769.9,34.85,121.335,7.0,107.05,47.07,-39.08
-0.35,-10.99,1.75,1.22,0.08,1.26,1648.13,1645.52,-0.01,1.8,0.63,770.39,34.9,121.836,7.0,103.52,47.78,-69.84
-14.96,8.89,-17.23,-19.81,-4.84,3.76,1643.3,1642.98,3.46,0.51,1.16,770.85,34.88,122.336,7.0,67.97,95.13,-68.89
-5.56,21.74,0.45,-0.54,-1.8,12.55,1649.79,1646.51,2.6,-0.12,1.86,770.23,34.72,122.836,7.0,33.69,54.56,-31.7
-12.64,1.22,-19.2,-6.26,12.73,8.32,1629.72,1629.39,0.64,1.89,0.89,772.16,34.77,123.836,7.0,51.98,71.67,-12.66
0.73,-0.77,-10.83,1.77,1.33,0.85,1618.43,1622.73,1.81,1.41,1.55,773.25,34.73,124.336,7.0,90.22,59.5,-11.49
-1.9,8.55,-8.38,-0.22,-7.0,0.09,1604.58,1610.51,0.63,-3.91,0.76,774.59,34.84,124.835,7.0,75.24,96.19,-26.12
-10.18,-7.45,1.46,5.41,1.89,1.53,1586.82,1584.68,2.74,1.79,-3.1,776.31,34.74,125.337,7.0,80.68,99.39,-54.54
0.14,-2.6,4.26,-0.05,-1.01,-4.92,1590.18,1581.5,3.17,-0.35,-0.89,775.98,34.75,125.837,7.0,76.12,85.19,-79.37
0.45,4.37,3.45,1.66,0.46,-4.5,1586.7,1585.81,1.22,-0.72,-0.15,776.32,34.28,126.338,7.0,42.51,74.79,-75.47
2.42,11.95,0.45,4.28,0.79,1.59,1577.2,1584.45,0.2,-0.68,-0.2,777.24,34.39,126.838,7.0,31.15,66.14,-61.78
-5.99,-34.99,-12.68,24.97,5.75,17.83,1554.04,1557.83,-0.69,1.7,-5.02,779.49,34.47,127.339,7.0,111.57,66.84,-59.94
0.71,-9.77,-4.64,0.34,-1.13,0.97,1532.76,1529.15,-1.56,-1.39,-1.38,781.55,34.59,127.839,7.0,94.99,37.94,-28.08
1.46,-11.67,-14.07,0.57,-1.84,8.42,1536.54,1533.7,1.27,-1.87,-0.85,781.19,34.66,128.34,7.0,72.19,51.49,-7.97
-16.26,16.41,13.48,19.57,-1.64,8.34,1520.9,1520.57,-2.13,1.91,1.54,782.71,34.68,128.84,7.0,53.45,94.02,-32.82
-1.44,21.48,0.07,4.59,0.38,11.22,1525.66,1529.19,0.22,0.94,0.13,782.25,34.59,129.341,7.0,32.89,51.21,-69.45
-5.28,3.31,-8.16,-4.78,-6.55,-3.51,1511.59,1514.97,0.68,-1.11,-2.01,783.62,34.63,129.841,7.0,46.36,84.91,-68.47
-3.18,8.24,6.39,-0.97,2.49,0.76,1509.16,1501.35,0.91,-0.86,1.66,783.85,34.62,130.341,7.0,37.07,55.33,-76.99
-4.23,14.57,10.0,-4.72,3.17,7.44,1498.49,1500.05,-0.36,0.64,-1.94,784.9,34.65,130.842,7.0,40.62,46.28,-78.25
-8.15,-9.6,6.92,-1.9,-6.32,2.95,1489.22,1485.61,0.8,-0.47,-0.7,785.8,34.12,131.342,7.0,57.07,83.19,-79.23
1.12,0.6,6.19,2.52,0.83,-4.07,1466.97,1465.86,-0.54,-1.74,-0.86,787.98,33.64,132.344,7.0,47.27,57.47,-84.67
2.12,0.86,5.13,-1.45,0.3,-4.4,1456.21,1460.93,0.36,-1.46,-1.0,789.03,33.5,132.843,7.0,38.57,42.29,-71.98
-1.73,-8.27,7.74,-2.82,6.77,-1.01,1427.35,1425.45,0.21,-0.06,-3.05,791.87,33.55,134.344,7.0,96.66,86.44,-68.31
0.95,1.26,4.75,-1.28,1.21,-5.13,1420.92,1423.68,1.31,-1.81,0.12,792.5,33.34,134.844,7.0,78.09,64.2,-88.98
5.19,3.62,15.53,-3.36,6.58,5.24,1417.42,1416.02,1.77,5.66,1.19,792.85,33.02,135.344,7.0,64.0,64.5,-90.15
-0.93,0.83,-3.68,1.2,-2.75,-7.33,1384.65,1387.05,0.42,1.23,-0.43,796.08,33.84,136.844,7.0,75.98,101.14,-42.02
8.1,0.77,-10.37,-1.12,-3.11,2.95,1382.81,1382.53,1.41,4.55,-0.86,796.26,33.67,137.344,7.0,91.23,60.97,-10.55
3.78,-5.25,4.66,-1.44,-2.06,-2.24,1359.97,1358.43,-0.78,-2.03,2.39,798.52,33.66,138.344,7.0,101.94,79.09,-69.64
2.42,1.66,2.94,2.84,-2.42,-7.98,1346.62,1348.42,2.99,1.61,2.21,799.84,33.65,138.845,7.0,35.87,79.95,-55.84
-4.8,9.83,9.58,4.6,3.51,3.53,1334.81,1339.11,-3.61,2.85,-1.46,801.02,33.7,139.345,7.0,34.34,72.93,-65.33
0.65,-0.12,-3.75,0.88,-3.03,-7.69,1332.24,1327.73,-1.76,1.88,-2.0,801.27,33.74,139.845,7.0,84.84,98.78,-31.59
4.09,9.23,-26.34,0.03,-4.36,18.06,1319.89,1321.18,3.54,-2.04,-2.47,802.5,33.79,140.845,7.0,85.14,43.54,-16.02
0.48,-1.17,-6.58,-2.13,4.3,-5.13,1289.95,1289.37,-1.7,-0.43,-3.35,805.48,33.77,142.349,7.0,69.96,78.46,-8.74
-2.23,-1.08,-7.35,2.62,-0.68,-2.55,1285.67,1284.05,-3.23,-0.6,-0.84,805.91,33.76,142.849,7.0,55.53,84.0,-17.9
0.55,4.21,-1.65,-0.4,-0.75,-5.34,1277.96,1278.82,-0.73,0.49,1.24,806.68,33.81,143.349,7.0,37.4,83.5,-43.95
14.07,-13.79,16.65,15.46,7.52,-29.05,1257.08,1265.12,1.49,-8.77,-5.26,808.76,33.8,144.35,7.0,59.52,94.6,-63.69
-4.43,3.33,-5.57,-5.22,2.14,-4.34,1226.26,1231.62,1.3,-3.1,-0.72,811.85,33.56,145.856,7.0,49.52,94.28,-50.76
-0.13,-3.47,10.07,-8.72,-4.08,-5.25,1213.01,1220.49,3.33,1.65,-3.2,813.18,32.84,146.857,7.0,83.86,100.66,-39.71
1.64,-2.7,14.45,1.87,10.81,0.11,1214.6,1210.38,2.67,1.44,-4.0,813.02,33.11,147.358,7.0,80.08,66.21,-88.12
6.76,-7.76,10.69,-9.48,-10.83,-6.22,1196.81,1202.45,3.31,2.51,-5.38,814.81,33.19,147.858,7.0,86.8,99.74,-42.22
0.78,-4.9,9.65,0.7,4.43,0.07,1191.45,1194.08,-0.35,0.41,-2.33,815.35,33.22,148.358,7.0,92.81,56.39,-83.45
0.18,-1.59,-9.25,3.13,0.07,-0.96,1158.66,1159.3,1.36,0.46,1.74,818.66,33.39,150.36,7.0,79.26,44.21,-14.27
-8.68,5.65,8.68,-3.48,-11.73,-4.07,1142.79,1145.37,0.51,-3.1,-0.53,820.27,33.48,150.86,7.0,88.58,80.4,-12.93
3.07,-8.08,-1.78,-0.78,5.66,-3.09,1128.85,1130.68,0.62,1.75,-3.1,821.68,33.49,151.36,7.0,108.95,67.13,-28.94
1.62,-10.51,3.25,1.23,3.08,0.81,1123.81,1120.96,-0.7,1.98,2.35,822.19,33.48,151.86,7.0,99.54,38.98,-64.87
-7.41,1.6,-2.85,-1.65,-3.68,-2.78,1116.67,1114.42,-1.14,-0.17,-0.74,822.92,33.45,152.36,7.0,104.39,87.53,-45.07
-1.77,-7.09,-8.3,0.29,1.35,1.16,1115.1,1112.26,-0.48,0.56,-0.41,823.07,33.43,152.86,7.0,104.43,55.23,-25.19
-3.41,2.87,-4.35,1.57,-0.13,-3.79,1102.49,1101.63,-1.29,1.44,-0.24,824.35,33.41,153.861,7.0,78.43,88.2,-14.1
1.3,-0.23,0.23,-0.49,-0.63,-10.88,1074.03,1074.66,-1.18,-2.27,-0.76,827.25,33.34,154.861,7.0,73.33,99.89,-32.82
6.85,5.49,-3.95,6.51,6.05,-6.1,1074.37,1074.1,-1.18,-3.32,-3.05,827.22,33.22,155.861,7.0,51.06,45.18,-16.02
-2.34,-10.29,-10.9,-0.24,2.26,5.19,1026.03,1029.41,5.46,0.77,-0.37,832.16,33.3,158.361,7.0,84.38,58.23,-9.5
0.49,-2.57,-1.28,1.1,1.22,-7.41,1005.2,1004.07,-0.03,0.34,-0.88,834.29,33.34,158.861,7.0,112.1,61.31,-42.94
4.99,-15.3,-5.58,1.71,2.16,7.0,998.2,996.4,3.91,-1.6,3.35,835.01,33.38,159.362,7.0,99.65,36.01,-41.45
-0.75,-3.65,3.15,1.79,-1.09,-5.4,976.15,977.42,-1.5,-1.53,-0.3,837.28,33.31,161.363,7.0,80.8,95.54,-67.04
1.29,-12.16,1.43,-3.29,2.0,1.89,952.42,954.88,0.31,-0.97,-1.77,839.72,33.35,161.863,7.0,105.1,61.38,-70.67
6.34,0.57,-1.38,-4.39,-4.58,-11.28,948.07,950.91,0.19,3.32,-2.69,840.17,33.37,162.863,7.0,34.57,80.01,-54.47
0.98,5.8,5.76,0.23,1.54,-1.72,939.5,939.93,2.35,0.95,-0.83,841.06,33.04,163.863,7.0,36.01,50.79,-75.13
1.44,3.86,2.49,2.66,-1.87,-6.26,931.13,926.41,0.73,-2.23,-0.86,841.92,33.02,164.363,7.0,35.0,81.75,-49.15
-1.79,-12.06,-6.99,7.06,9.56,-2.31,899.49,908.65,-3.54,7.54,-1.1,845.2,33.19,165.364,7.0,98.74,90.76,-55.9
-5.88,5.31,7.41,-8.39,-3.37,-3.82,891.45,892.14,3.06,-4.23,0.99,846.03,33.11,165.864,7.0,100.2,92.46,-46.22
-0.74,-8.77,-2.22,5.85,-0.1,-2.87,885.3,885.54,-0.12,2.18,-2.82,846.67,32.95,166.364,7.0,103.74,75.7,-68.38
-0.79,-0.87,0.75,0.53,0.1,-8.53,881.68,878.02,1.03,-0.51,3.62,847.04,33.06,166.864,7.0,87.99,74.97,-83.07
-0.89,6.59,10.63,0.86,0.52,2.68,878.08,877.16,2.25,-3.51,-1.1,847.42,32.59,167.365,7.0,45.46,52.68,-84.25
0.23,6.74,1.79,-0.66,-0.83,-2.92,873.93,874.83,-0.05,-1.02,-0.94,847.85,32.75,167.865,7.0,32.26,48.22,-34.39
-4.92,1.67,5.64,-2.21,-5.73,-5.21,860.54,863.81,0.57,2.55,-0.5,849.24,32.97,168.365,7.0,33.21,70.69,-32.1
-5.8,6.82,-16.2,-6.26,-3.28,7.3,861.8,858.16,0.63,-0.09,-0.69,849.11,33.09,168.866,7.0,42.45,42.45,-26.27
-6.52,3.72,2.35,-0.6,-3.1,-2.6,847.09,848.42,-0.41,-1.73,1.24,850.64,33.09,169.366,7.0,36.79,71.2,-27.45
0.59,6.78,-2.4,-0.45,3.25,-3.39,847.43,843.98,-0.37,-0.51,1.02,850.61,33.09,169.866,7.0,32.93,49.1,-34.18
12.74,10.97,2.02,15.92,-1.77,-4.31,833.22,837.49,2.14,-0.05,-6.14,852.09,33.09,170.366,7.0,27.5,58.49,-44.51
-7.5,-7.27,13.51,-9.36,8.51,1.66,803.13,803.43,9.36,-0.67,-2.74,855.24,33.0,171.374,7.0,71.67,97.96,-61.38
-1.13,-1.13,-0.41,-0.43,-0.05,-8.21,793.84,793.77,8.75,0.36,0.69,856.21,33.01,171.873,7.0,65.33,96.74,-25.88
-14.34,-14.54,44.62,-21.35,-28.55,23.91,741.72,744.32,-0.31,-3.59,-1.01,861.69,33.04,174.877,7.0,68.52,96.67,-27.68
1.01,3.74,-0.37,3.14,1.96,-8.59,735.42,731.29,-1.23,2.93,3.68,862.35,32.95,175.377,7.0,46.93,86.49,-25.6
-0.5,7.64,2.43,0.6,-1.27,-1.9,734.56,734.89,0.36,-0.09,-0.39,862.44,33.03,175.877,7.0,33.24,38.19,-48.69
-1.15,5.36,-2.48,0.4,1.08,-3.9,722.12,724.73,0.87,-0.64,-0.48,863.75,33.09,176.377,7.0,35.7,51.3,-27.97
-5.14,4.57,3.14,-0.37,0.62,-2.28,707.93,709.31,-3.05,-0.2,-1.7,865.25,33.11,176.878,7.0,29.5,68.28,-51.49
-10.0,-12.97,4.8,-0.8,-3.19,6.94,703.5,705.17,-2.07,-1.29,0.5,865.72,32.96,177.377,7.0,75.17,81.91,-83.84
-2.07,-6.18,3.38,0.75,3.26,-3.27,678.15,679.62,-1.59,-0.72,-0.41,868.4,33.03,177.878,7.0,102.62,71.19,-72.5
-4.65,-10.56,4.34,2.23,2.97,1.94,663.2,660.52,2.21,3.07,0.12,869.99,33.03,178.378,7.0,103.41,72.07,-70.78
-1.7,-5.55,6.03,2.18,-4.49,-3.09,672.17,669.62,1.67,-0.37,1.49,869.04,33.01,178.878,7.0,64.15,92.39,-72.02
-4.64,10.21,13.29,-2.01,2.62,7.27,665.17,665.77,-1.82,0.27,0.56,869.78,32.83,179.378,7.0,33.2,56.38,-70.33
-5.56,-1.09,2.9,-0.77,1.12,-3.59,652.34,653.78,-2.36,1.22,0.16,871.14,32.78,179.879,7.0,70.31,82.1,-82.89
-3.29,-9.08,-4.95,3.73,2.23,0.13,632.83,630.24,-2.2,1.59,-0.16,873.22,32.87,180.38,7.0,107.0,85.41,-45.62
1.79,-1.44,-9.79,2.55,3.28,-0.65,633.95,633.74,-0.59,0.92,0.74,873.1,32.94,180.88,7.0,84.56,65.0,-5.98
-11.23,-18.89,-17.8,-20.72,-8.79,7.32,612.16,611.53,2.28,3.26,6.29,875.42,32.97,181.38,7.0,73.45,101.65,-47.36
2.79,-6.19,-11.89,10.12,0.0,-0.59,610.32,613.4,4.63,1.52,3.59,875.62,32.95,181.881,7.0,97.41,79.03,-17.8
2.85,-0.77,-10.2,-4.44,-6.94,-3.11,599.49,598.22,0.09,-1.63,3.96,876.78,32.95,182.382,7.0,64.82,96.91,-25.67
-9.84,4.39,-8.35,6.69,0.42,2.06,591.3,592.03,7.56,-1.37,-0.19,877.65,32.84,182.883,7.0,49.77,66.51,-13.22
-9.49,2.07,-2.73,4.22,-4.22,-1.67,583.64,581.5,8.46,-0.34,1.16,878.47,32.74,183.383,7.0,53.2,81.89,-78.53
-2.18,-8.35,6.72,2.52,-0.35,0.83,574.25,570.32,2.93,-0.11,-0.83,879.48,32.78,183.883,7.0,111.36,55.44,-50.81
-0.22,-6.53,-0.62,-1.19,-0.05,-3.36,552.34,559.64,-3.48,0.18,0.61,881.82,32.87,184.383,7.0,108.59,54.04,-35.82
-0.1,1.15,-6.14,-0.33,0.73,-3.61,558.6,555.61,-1.88,0.82,0.04,881.15,32.89,184.883,7.0,56.06,52.28,-11.39
-7.09,15.14,25.81,19.49,-10.43,11.57,538.87,542.9,-0.74,-0.59,0.97,883.27,32.89,185.384,7.0,67.48,100.87,-41.64
8.59,2.61,-6.62,-7.69,5.49,-3.88,543.29,536.79,-1.67,4.77,1.93,882.8,32.83,185.884,7.0,46.97,66.32,-13.98
3.51,-5.78,-2.42,-0.96,-0.96,-2.76,513.92,519.17,3.09,-1.64,2.06,885.96,32.83,186.384,7.0,72.03,29.61,-28.24
0.64,-3.31,-1.34,-3.16,-1.37,-8.67,513.82,509.01,-3.14,-1.94,-0.3,885.97,32.87,186.884,7.0,74.62,81.98,-10.56
-4.24,-15.13,7.16,-1.22,-0.58,7.41,504.71,507.67,-0.49,-0.9,1.01,886.95,32.75,187.384,7.0,92.32,64.36,-82.87
-3.04,-0.57,1.57,-0.67,0.4,-6.43,488.75,489.59,-0.62,0.22,2.03,888.67,32.79,187.884,7.0,89.27,85.71,-74.05
-4.76,-0.29,1.86,-2.72,-0.4,-5.5,474.93,475.28,-3.06,2.43,-1.17,890.16,32.76,188.384,7.0,97.41,93.59,-50.9
-4.33,2.16,-10.67,-0.12,1.3,1.83,473.16,475.12,-0.13,-0.35,-1.33,890.36,32.75,188.883,7.0,75.5,65.41,-6.88
-1.73,-1.2,-12.08,-0.16,1.97,2.3,465.11,466.46,-0.59,1.33,-1.23,891.23,32.77,189.383,7.0,77.97,57.88,-6.5
-0.37,-1.95,-8.66,-2.19,1.75,-1.38,453.85,455.17,-0.5,-2.13,-0.85,892.45,32.81,189.883,7.0,68.7,53.14,-8.73
-8.24,-2.75,4.5,4.4,-5.29,-2.86,435.88,436.53,-3.3,-0.38,1.03,894.4,32.79,190.384,7.0,48.71,91.06,-29.92
-1.79,1.37,7.71,0.14,3.78,-2.72,432.98,432.05,-3.76,-0.23,1.91,894.71,32.8,190.884,7.0,51.7,71.44,-83.64
0.76,-7.3,11.56,0.69,-0.41,3.86,433.92,431.98,1.3,-0.26,1.32,894.61,32.62,191.384,7.0,103.13,53.76,-69.6
-1.6,2.55,11.85,-7.16,-3.93,-0.7,413.24,413.92,-1.77,2.54,0.6,896.86,32.54,191.883,7.0,83.48,90.05,-72.23
-3.7,11.15,-5.93,5.22,1.11,2.22,403.98,397.28,-1.14,1.82,-0.92,897.87,32.52,192.384,7.0,53.96,75.22,-11.11
-1.42,9.07,-11.24,-6.41,1.12,3.16,396.89,396.61,-2.64,1.53,-1.97,898.64,32.47,192.884,7.0,34.23,66.46,-29.45
-0.84,4.13,-9.84,-3.1,-7.66,-3.0,380.43,380.67,-2.07,1.61,-2.48,900.43,32.52,193.383,7.0,59.15,99.08,-39.85
-2.84,-0.51,-12.04,9.17,1.49,-1.63,370.81,372.49,-2.53,-0.55,-3.75,901.48,32.46,193.885,7.0,92.5,91.94,-25.54
-1.98,-1.09,-13.57,-3.69,4.0,2.82,363.03,362.15,-0.92,-0.43,-2.57,902.33,32.45,194.385,7.0,65.49,73.79,-8.06
-5.62,-4.24,-16.03,-0.64,-4.56,7.08,352.25,352.14,-5.2,-1.11,-1.49,903.51,32.54,194.886,7.0,71.15,91.32,-16.89
-2.6,-7.3,-3.05,2.23,5.97,-4.44,336.37,335.61,-7.74,-1.37,-2.86,905.25,32.54,195.386,7.0,99.54,93.77,-51.28
-9.55,27.42,-12.51,-3.45,-12.8,18.89,333.86,333.46,-3.34,0.53,-0.12,905.53,32.61,195.887,7.0,29.12,69.1,-55.91
0.32,1.9,0.34,-0.25,1.4,-8.46,329.49,327.18,2.21,-0.98,1.3,906.01,32.62,196.387,7.0,32.16,72.74,-61.24
-4.0,5.97,-5.03,5.17,-1.1,-2.81,311.62,317.54,5.61,-3.02,1.75,907.97,32.64,196.888,7.0,58.98,65.2,-8.41
28.62,-3.45,2.64,3.81,5.1,-38.05,295.31,297.04,6.56,-8.52,17.87,909.76,32.85,197.888,9.0,97.96,69.61,-15.42
1.11,-3.38,2.04,3.99,-0.37,-8.93,284.67,286.37,4.23,8.13,5.22,910.94,32.83,198.388,10.0,84.51,72.41,-82.72
-9.56,-2.32,-13.95,2.71,5.26,6.2,277.27,277.52,5.99,-0.59,-3.38,911.75,32.79,198.887,12.0,66.0,79.7,-9.12
-27.54,9.68,-0.82,-11.83,-25.67,-17.17,254.75,254.53,0.63,2.68,-2.1,914.24,32.81,199.888,12.0,89.34,44.51,-17.34
12.94,25.62,1.57,28.26,5.0,-11.38,253.54,251.2,2.79,0.54,-2.31,914.37,32.83,200.387,12.0,88.82,26.57,-57.59
11.69,1.93,18.66,-2.48,18.69,1.72,243.76,245.29,-0.14,0.66,0.38,915.45,32.84,200.888,12.0,75.91,25.94,-70.05
8.44,-20.19,6.76,-13.78,3.22,8.2,239.89,238.02,0.96,0.94,0.97,915.88,32.84,201.387,12.0,81.61,26.87,-67.71
16.03,-11.9,15.99,1.7,-15.68,10.33,235.25,233.25,4.24,-0.38,0.15,916.39,32.83,201.887,12.0,49.6,26.26,-65.93
0.9,-4.25,3.34,4.4,-3.27,-9.89,229.33,229.56,1.4,-0.49,0.08,917.05,32.82,202.388,12.0,54.76,22.76,-40.03
14.95,-7.2,-4.29,2.25,10.73,3.36,227.93,227.26,2.78,0.18,0.6,917.21,32.82,202.887,12.0,71.05,22.96,-37.42
10.68,-8.49,-6.09,-9.34,0.29,1.84,221.73,222.86,3.42,0.2,-0.25,917.89,32.85,203.387,12.0,76.05,21.8,-57.0
8.18,-10.24,-1.06,-2.96,-7.46,0.61,212.23,212.43,2.73,-0.18,0.41,918.95,32.85,203.888,12.0,59.99,21.27,-57.41
9.68,-11.63,0.72,7.35,-5.31,2.33,210.91,209.31,1.64,0.45,-0.45,919.09,32.87,204.387,12.0,64.68,20.71,-47.96
7.66,-0.63,2.21,-1.63,1.33,-2.09,206.16,206.58,-1.0,0.07,1.42,919.62,32.79,204.887,12.0,63.46,20.68,-47.34
9.13,-4.49,0.42,-1.58,-0.91,0.21,198.65,200.71,-3.19,0.11,-0.5,920.45,32.79,205.388,12.0,62.25,19.36,-50.56
8.71,0.74,-4.01,-1.24,-1.04,-0.33,196.45,195.15,-4.11,0.85,0.37,920.7,32.83,205.888,12.0,65.1,20.23,-58.47
9.47,2.06,6.92,0.58,-3.31,1.61,192.68,193.55,-4.69,-0.89,0.19,921.12,32.84,206.388,12.0,70.65,20.54,-50.38
7.69,-4.91,-1.11,-1.41,-0.65,-0.75,182.63,184.97,-4.71,0.41,-0.16,922.24,32.81,206.888,12.0,62.54,20.76,-55.0
7.6,-2.3,-3.73,-2.79,3.36,-2.2,181.13,179.89,-3.42,0.53,-0.29,922.4,32.84,207.388,12.0,74.79,21.63,-53.29
9.15,2.38,-0.09,0.03,1.47,-0.47,176.12,176.85,-2.24,0.4,0.12,922.96,32.85,207.888,12.0,70.0,20.65,-47.01
8.67,-2.54,4.01,2.47,-1.51,-0.36,171.29,171.26,-2.48,0.17,-0.26,923.5,32.79,208.388,12.0,63.3,20.02,-48.54
